username,verified,verified_type,profile_url,source,review_id,like_counts,image,date,comment
老天保佑科目三一把过,False,-1,https://m.weibo.cn/u/7548003423?uid=7548003423,,4707791489729060,0,"https://tvax2.sinaimg.cn/crop.0.0.1002.1002.180/008eOEuHly8grp6upjyfwj30ru0ruq4v.jpg?KID=imgbed,tva&Expires=1642010120&ssig=pbOHhpQSw6",2021-11-26,回复:我不听我不听
老天保佑科目三一把过,False,-1,https://m.weibo.cn/u/7548003423?uid=7548003423,,4707791459319867,1,"https://tvax2.sinaimg.cn/crop.0.0.1002.1002.180/008eOEuHly8grp6upjyfwj30ru0ruq4v.jpg?KID=imgbed,tva&Expires=1642010120&ssig=pbOHhpQSw6",2021-11-26,一墙的白酒最起码也得20000块钱！
迦巴瓦的Tomcat,False,-1,https://m.weibo.cn/u/7540080191?uid=7540080191,,4707791324843046,0,"https://tvax3.sinaimg.cn/crop.0.0.1002.1002.180/008ehpiDly8grmr1lude8j30ru0rudgb.jpg?KID=imgbed,tva&Expires=1642010120&ssig=xSDQoS4ui9",2021-11-26,回复:也有便宜的
迦巴瓦的Tomcat,False,-1,https://m.weibo.cn/u/7540080191?uid=7540080191,,4707791291811565,2,"https://tvax3.sinaimg.cn/crop.0.0.1002.1002.180/008ehpiDly8grmr1lude8j30ru0rudgb.jpg?KID=imgbed,tva&Expires=1642010120&ssig=xSDQoS4ui9",2021-11-26,这个股民将来那一定可以大富大贵
特别给力的韩桑,False,-1,https://m.weibo.cn/u/7531803558?uid=7531803558,,4707791157855736,0,"https://tvax1.sinaimg.cn/crop.0.0.1002.1002.180/008dIGayly8grmr16yhg1j30ru0rut9w.jpg?KID=imgbed,tva&Expires=1642010120&ssig=lGqoVpj9rD",2021-11-26,回复:我也好佩服
特别给力的韩桑,False,-1,https://m.weibo.cn/u/7531803558?uid=7531803558,,4707791136358707,2,"https://tvax1.sinaimg.cn/crop.0.0.1002.1002.180/008dIGayly8grmr16yhg1j30ru0rut9w.jpg?KID=imgbed,tva&Expires=1642010120&ssig=lGqoVpj9rD",2021-11-26,我要买几辆车来研究一下汽车股票
滴氵商driver不要刀乐,False,-1,https://m.weibo.cn/u/7539998718?uid=7539998718,,4707791031763534,0,"https://tvax2.sinaimg.cn/crop.0.0.1002.1002.180/008eh46yly8grmqzdmcd5j30ru0ruwfa.jpg?KID=imgbed,tva&Expires=1642010120&ssig=7%2FB2PWj9kV",2021-11-26,回复:这可不兴买
滴氵商driver不要刀乐,False,-1,https://m.weibo.cn/u/7539998718?uid=7539998718,,4707790969373139,3,"https://tvax2.sinaimg.cn/crop.0.0.1002.1002.180/008eh46yly8grmqzdmcd5j30ru0ruwfa.jpg?KID=imgbed,tva&Expires=1642010120&ssig=7%2FB2PWj9kV",2021-11-26,这个人可真的是一个资深股民 佩服佩服
明智地选择了投降,False,-1,https://m.weibo.cn/u/7540976015?uid=7540976015,,4707790855603863,0,"https://tvax1.sinaimg.cn/crop.0.0.1080.1080.180/008elalply8got3vjctcmj30u00u00v5.jpg?KID=imgbed,tva&Expires=1642010120&ssig=odp8hQvBdK",2021-11-26,回复:说的有道理
明智地选择了投降,False,-1,https://m.weibo.cn/u/7540976015?uid=7540976015,,4707790822313092,4,"https://tvax1.sinaimg.cn/crop.0.0.1080.1080.180/008elalply8got3vjctcmj30u00u00v5.jpg?KID=imgbed,tva&Expires=1642010120&ssig=odp8hQvBdK",2021-11-26,为了健康起见还是要少喝一点白酒
才子佳人去画画,False,-1,https://m.weibo.cn/u/7531174658?uid=7531174658,,4707790704349034,0,"https://tvax3.sinaimg.cn/crop.0.0.1080.1080.180/008dG2z0ly8gld085tun1j30u00u00ur.jpg?KID=imgbed,tva&Expires=1642010124&ssig=AGE7ue5AFU",2021-11-26,回复:喝酒不健康
才子佳人去画画,False,-1,https://m.weibo.cn/u/7531174658?uid=7531174658,,4707790679183073,3,"https://tvax3.sinaimg.cn/crop.0.0.1080.1080.180/008dG2z0ly8gld085tun1j30u00u00ur.jpg?KID=imgbed,tva&Expires=1642010124&ssig=AGE7ue5AFU",2021-11-26,那我要是买医药的股票还得买一箱药吗？
曼彻斯特好难,False,-1,https://m.weibo.cn/u/7682469014?uid=7682469014,,4707790524252395,0,"https://tvax2.sinaimg.cn/crop.0.0.1002.1002.180/008nUR8yly8gvp8ex7uzgj60ru0rudh402.jpg?KID=imgbed,tva&Expires=1642010124&ssig=MV21DtmgiJ",2021-11-26,回复:白酒不便宜
曼彻斯特好难,False,-1,https://m.weibo.cn/u/7682469014?uid=7682469014,,4707790477592737,5,"https://tvax2.sinaimg.cn/crop.0.0.1002.1002.180/008nUR8yly8gvp8ex7uzgj60ru0rudh402.jpg?KID=imgbed,tva&Expires=1642010124&ssig=MV21DtmgiJ",2021-11-26,白酒听说都特别贵 好的要一两千一瓶
迪土尼有唐老鸭,False,-1,https://m.weibo.cn/u/7631319316?uid=7631319316,,4707790327122989,0,"https://tvax2.sinaimg.cn/crop.0.0.1002.1002.180/008kseLqly8gvmpttk6d2j60ru0ruq3t02.jpg?KID=imgbed,tva&Expires=1642010124&ssig=5QcjJKfQab",2021-11-26,回复:确实不容易
迪土尼有唐老鸭,False,-1,https://m.weibo.cn/u/7631319316?uid=7631319316,,4707790306413250,3,"https://tvax2.sinaimg.cn/crop.0.0.1002.1002.180/008kseLqly8gvmpttk6d2j60ru0ruq3t02.jpg?KID=imgbed,tva&Expires=1642010124&ssig=5QcjJKfQab",2021-11-26,感觉买这么多白酒应该也需要很多钱
是谁打败了怪兽,False,-1,https://m.weibo.cn/u/7671310950?uid=7671310950,,4707790180845815,0,"https://tvax3.sinaimg.cn/crop.0.0.1002.1002.180/008na2pMly8gvgbcknje1j60ru0ruwgv02.jpg?KID=imgbed,tva&Expires=1642010124&ssig=ijeTxjjyYW",2021-11-26,回复:不可以不可以
是谁打败了怪兽,False,-1,https://m.weibo.cn/u/7671310950?uid=7671310950,,4707790151224561,4,"https://tvax3.sinaimg.cn/crop.0.0.1002.1002.180/008na2pMly8gvgbcknje1j60ru0ruwgv02.jpg?KID=imgbed,tva&Expires=1642010124&ssig=ijeTxjjyYW",2021-11-26,为了研究股票买这么多白酒也很不容易
奥迪车很快,False,-1,https://m.weibo.cn/u/7669254006?uid=7669254006,,4707790050559907,4,"https://tvax1.sinaimg.cn/crop.0.0.1002.1002.180/008n1pjgly8gvfvcktv0hj60ru0rujsy02.jpg?KID=imgbed,tva&Expires=1642010124&ssig=Op4P1RVE5U",2021-11-26,你喝不完的白酒可不可以给我喝一口 
