username,verified,verified_type,profile_url,source,review_id,like_counts,image,date,comment
不到57不改名,False,-1,https://m.weibo.cn/u/5172807933?uid=5172807933,,4708995195736927,0,"https://tvax2.sinaimg.cn/crop.0.0.1080.1080.180/005E4zE1ly8gp5lu2jk3ej30u00u0q63.jpg?KID=imgbed,tva&Expires=1642010689&ssig=ni2sswdMOJ",2021-11-29,真 酱香型科技
倚马无言,False,-1,https://m.weibo.cn/u/1881331540?uid=1881331540,,4708825280547409,0,"https://tvax2.sinaimg.cn/crop.0.0.664.664.180/7022d754ly8g03ueub6dlj20ig0igjsq.jpg?KID=imgbed,tva&Expires=1642010689&ssig=pEOiAjra1X",2021-11-29,炒军工股呢？
孩儿面大大王_,False,220,https://m.weibo.cn/u/2201421932?uid=2201421932,,4708078925383950,0,"https://tvax4.sinaimg.cn/crop.0.0.1080.1080.180/8337086cly8gx26mwfxe4j20u00u0dhn.jpg?KID=imgbed,tva&Expires=1642010689&ssig=IhjRlk9U6d",2021-11-27,
性感小鲨鱼,False,-1,https://m.weibo.cn/u/1604971005?uid=1604971005,,4707905709017749,1,"https://tvax3.sinaimg.cn/crop.0.0.1080.1080.180/5fa9e9fdly8ggom2cwwaqj20u00u0whs.jpg?KID=imgbed,tva&Expires=1642010689&ssig=xcixmOojDk",2021-11-26,恕我直言，该亏的还得亏
渣浪花边新闻阅读器用户,False,220,https://m.weibo.cn/u/2184639665?uid=2184639665,,4707862108176958,0,"https://tvax4.sinaimg.cn/crop.0.0.996.996.180/8236f4b1ly8gmpv46gykij20ro0rotc9.jpg?KID=imgbed,tva&Expires=1642010689&ssig=pTg9muY2D3",2021-11-26,什么行为艺术，这t嘛是纯的价值投资践行者啊
饲牛不见犸,False,-1,https://m.weibo.cn/u/1425058073?uid=1425058073,,4707861090012763,0,"https://tvax4.sinaimg.cn/crop.0.0.1080.1080.180/54f0a919ly8gjsalfqqf6j20u00u0q3p.jpg?KID=imgbed,tva&Expires=1642010689&ssig=xhF25e%2BNfL",2021-11-26,股票没赚酒赚了
猫猫吉祥物,False,-1,https://m.weibo.cn/u/3100217515?uid=3100217515,,4707857767335889,0,"https://tvax3.sinaimg.cn/crop.0.0.1080.1080.180/b8c990ably8gmo8iqngsoj20u00u0aeh.jpg?KID=imgbed,tva&Expires=1642010689&ssig=y4k%2BFg30O4",2021-11-26,好家伙，有这功夫和脑子，投资什么白酒股啊，自己都能开酒厂了吧
SugarMan1220,False,-1,https://m.weibo.cn/u/7146062882?uid=7146062882,,4707847248021815,1,"https://tvax1.sinaimg.cn/crop.0.0.512.512.180/007NC9oKly8gqk14tv89tj30e80e8jrq.jpg?KID=imgbed,tva&Expires=1642010689&ssig=jdCQ41Gosc",2021-11-26,然而可能并没有什么用
名字你随便吧,False,200,https://m.weibo.cn/u/1678157284?uid=1678157284,,4707838042050206,0,"https://tvax2.sinaimg.cn/crop.0.0.996.996.180/6406a5e4ly8gty2l63643j20ro0ro76i.jpg?KID=imgbed,tva&Expires=1642010689&ssig=hkMjsrM1%2F3",2021-11-26,被套牢了嘛？
渔村交易员,False,-1,https://m.weibo.cn/u/2872144180?uid=2872144180,,4707835496107335,8,"https://tvax4.sinaimg.cn/crop.0.0.1080.1080.180/ab317134ly8gleg21ddc3j20u00u0jte.jpg?KID=imgbed,tva&Expires=1642010689&ssig=j9tn9z6Xbp",2021-11-26,这玩的是股票周边吧
独立的思考者Y,False,-1,https://m.weibo.cn/u/3477382780?uid=3477382780,,4707835483522234,0,"https://tvax2.sinaimg.cn/crop.0.0.512.512.180/cf44a67cly8gsquvk0tgtj20e80e83yu.jpg?KID=imgbed,tva&Expires=1642010692&ssig=I6dl6PdNk6",2021-11-26,接盘侠
又被炸号的专嘎,False,-1,https://m.weibo.cn/u/7511253475?uid=7511253475,,4707834825277711,0,"https://tvax3.sinaimg.cn/crop.0.0.1080.1080.180/008cks9Bly8gnzwp785oij30u00u0dig.jpg?KID=imgbed,tva&Expires=1642010692&ssig=jjCmVURAB4",2021-11-26,行为艺术。。
