username,verified,verified_type,profile_url,source,review_id,like_counts,image,date,comment
Lemon凌梦,False,-1,https://m.weibo.cn/u/6275259272?uid=6275259272,,4709024626377999,0,"https://tvax2.sinaimg.cn/crop.0.0.512.512.180/006QGlBely8g7ywhtwh0kj30e80e83z8.jpg?KID=imgbed,tva&Expires=1642010130&ssig=Pj2xFUiFZN",2021-11-30,没有椰岛吗
兔兔双响炮,False,-1,https://m.weibo.cn/u/2618302881?uid=2618302881,,4708095931977201,0,"https://tvax1.sinaimg.cn/crop.0.9.493.493.180/9c1021a1ly8fmwp8noo77j20dp0e8mxw.jpg?KID=imgbed,tva&Expires=1642010130&ssig=claMq5GEj5",2021-11-27,6
April巛,False,-1,https://m.weibo.cn/u/3173221230?uid=3173221230,,4707795553225916,0,"https://tva1.sinaimg.cn/crop.0.0.480.480.180/bd23836ejw8ewaa01aqi4j20dc0dcwf3.jpg?KID=imgbed,tva&Expires=1642010130&ssig=j20iFDmoNT",2021-11-26,真爱啊
钟爱ling一生,False,-1,https://m.weibo.cn/u/3053122070?uid=3053122070,,4707795356090929,0,"https://tva3.sinaimg.cn/crop.362.0.1422.1422.180/b5faf216jw8f5zmm9pmwvj21hc1z4nkz.jpg?KID=imgbed,tva&Expires=1642010130&ssig=j0usCZxzAS",2021-11-26,看来这位股民看好酒鬼酒啊！眼光独到！
