username,verified,verified_type,profile_url,source,review_id,like_counts,image,date,comment
方方说我们犯左了,False,-1,https://m.weibo.cn/u/3876145607?uid=3876145607,,4708810747020218,0,"https://tvax3.sinaimg.cn/crop.0.0.640.640.180/004ejUxxly8gtk5cygnjjj60hs0hsaao02.jpg?KID=imgbed,tva&Expires=1642009575&ssig=YQFHJ7P3Fe",2021-11-29,地产股现在还有人敢买吗
记住你们的皇帝,False,-1,https://m.weibo.cn/u/3961752875?uid=3961752875,,4707811935651771,0,"https://tvax4.sinaimg.cn/crop.0.0.996.996.180/ec238d2bly8fk49as99s5j20ro0roq4s.jpg?KID=imgbed,tva&Expires=1642009575&ssig=RgjvvLW6ww",2021-11-26,来喝大民族酒研究一下
可乐给你-,False,220,https://m.weibo.cn/u/2109514894?uid=2109514894,,4707799861035695,0,"https://tvax1.sinaimg.cn/crop.0.0.996.996.180/7dbca48ely8gl1ipjqnvlj20ro0ro0vt.jpg?KID=imgbed,tva&Expires=1642009575&ssig=5T5kAlXbPM",2021-11-26,
BEYOND-ING,False,-1,https://m.weibo.cn/u/2544198314?uid=2544198314,,4707798866726232,0,"https://tvax3.sinaimg.cn/crop.0.25.1242.1242.180/97a562aaly8fghfd83m98j20yi0zw0xb.jpg?KID=imgbed,tva&Expires=1642009575&ssig=Su9fur7kDo",2021-11-26,酒鬼酒的馥郁香太特别了，好喝
